{
  "result": [
    "FINISHED"
  ],
  "imported": "aks74u_sampled_edited_test2",
  "format": "AnimSet6",
  "bones": {
    "LeftHandIKTarget": {
      "desired_location": [
        [
          0.0,
          0.21231868863105774
        ],
        [
          0.0,
          0.4231957793235779
        ],
        [
          0.0,
          -0.7994707226753235
        ]
      ],
      "imported_location": [
        [
          0.0,
          0.21232058107852936
        ],
        [
          0.0,
          0.4231916069984436
        ],
        [
          0.0,
          -0.7994809150695801
        ]
      ],
      "desired_rotation": [
        [
          0.0,
          0.5926900506019592
        ],
        [
          0.0,
          -0.6800471544265747
        ],
        [
          0.0,
          -0.245153546333313
        ],
        [
          0.0,
          0.355182021856308
        ]
      ],
      "imported_rotation": [
        [
          0.0,
          0.5926955342292786
        ],
        [
          0.0,
          -0.6800498962402344
        ],
        [
          0.0,
          -0.24513141810894012
        ],
        [
          0.0,
          0.35518258810043335
        ]
      ]
    },
    "RightHandOrigin": {
      "desired_location": [
        [
          0.0,
          -0.03574502468109131
        ],
        [
          0.0,
          0.5782453417778015
        ],
        [
          0.0,
          -0.22095343470573425
        ]
      ],
      "imported_location": [
        [
          0.0,
          -0.00719451904296875
        ],
        [
          0.0,
          0.5826883912086487
        ],
        [
          0.0,
          -0.1809358298778534
        ]
      ],
      "desired_rotation": [
        [
          0.0,
          0.45173171162605286
        ],
        [
          0.0,
          0.8087913393974304
        ],
        [
          0.0,
          -0.2586837410926819
        ],
        [
          0.0,
          -0.2736380100250244
        ]
      ],
      "imported_rotation": [
        [
          0.0,
          0.561647891998291
        ],
        [
          0.0,
          0.7445663213729858
        ],
        [
          0.0,
          -0.17582212388515472
        ],
        [
          0.0,
          -0.3150542080402374
        ]
      ]
    },
    "LeftForeArmDirection": {
      "desired_location": [
        [
          0.039113402366638184,
          0.039113402366638184
        ],
        [
          -0.10427570343017578,
          -0.10427570343017578
        ],
        [
          0.39662304520606995,
          0.39662304520606995
        ]
      ],
      "imported_location": [
        [
          0.0,
          0.09727835655212402
        ],
        [
          0.0,
          -0.07965478301048279
        ],
        [
          0.0,
          0.42843660712242126
        ]
      ],
      "desired_rotation": [
        [
          0.2873474657535553,
          0.2873474657535553
        ],
        [
          0.8636413216590881,
          0.8636413216590881
        ],
        [
          -0.37248361110687256,
          -0.37248361110687256
        ],
        [
          -0.18113771080970764,
          -0.18113771080970764
        ]
      ],
      "imported_rotation": [
        [
          0.0,
          0.24661563336849213
        ],
        [
          0.0,
          0.9029680490493774
        ],
        [
          0.0,
          -0.3444165587425232
        ],
        [
          0.0,
          -0.07215791940689087
        ]
      ]
    },
    "RightForeArmDirection": {
      "desired_location": [
        [
          0.0,
          0.008524775505065918
        ],
        [
          0.0,
          0.05755886435508728
        ],
        [
          0.0,
          -0.250580370426178
        ]
      ],
      "imported_location": [
        [
          0.0,
          0.03706014156341553
        ],
        [
          0.0,
          0.06917625665664673
        ],
        [
          0.0,
          -0.228740394115448
        ]
      ],
      "desired_rotation": [
        [
          0.0,
          0.10965519398450851
        ],
        [
          0.0,
          0.9820007681846619
        ],
        [
          0.0,
          0.05750840902328491
        ],
        [
          0.0,
          -0.14262907207012177
        ]
      ],
      "imported_rotation": [
        [
          0.0,
          0.2623966932296753
        ],
        [
          0.0,
          0.9337499141693115
        ],
        [
          0.0,
          0.04325617104768753
        ],
        [
          0.0,
          -0.23955778777599335
        ]
      ]
    }
  }
}