{
  "anm": "P:\\DZ\\anims\\anm\\player\\ik\\weapons\\aks74u.anm",
  "numFrames": 2,
  "raw_helper_bones": {
    "LeftHand_Dummy": {
      "posMulti": 1.619320820634216e-06,
      "posBias": 0.002236617961898446,
      "rotMulti": 1.512847915928006e-05,
      "rotBias": -3.964557322433393e-07,
      "pos": {
        "0": [
          0.10835718862134115,
          0.002236617961898446,
          0.006106794723214222
        ],
        "1": [
          0.10835718862134115,
          0.002236617961898446,
          0.006106794723214222
        ]
      },
      "rot_import_quat": {
        "0": [
          3.964557322433393e-07,
          0.9914444852476865,
          0.13051299325137683,
          -3.964557322433393e-07
        ],
        "1": [
          3.964557322433393e-07,
          0.9914444852476865,
          0.13051299325137683,
          -3.964557322433393e-07
        ]
      },
      "pos_key_count": 2,
      "rot_key_count": 2
    },
    "RightHand_Dummy": {
      "posMulti": 3.6534268429273365e-06,
      "posBias": -0.19727855920791626,
      "rotMulti": 1.3226851571806669e-05,
      "rotBias": -0.09911651909351349,
      "pos": {
        "0": [
          -0.19727855920791626,
          0.04214876894332675,
          0.026950513276749022
        ],
        "1": [
          -0.19727855920791626,
          0.04214511551648381,
          0.026950513276749022
        ]
      },
      "rot_import_quat": {
        "0": [
          -0.6327780857808367,
          0.7677051986648366,
          -0.09911651909351349,
          -0.019676048553242634
        ],
        "1": [
          -0.6327780857808367,
          0.7677051986648366,
          -0.09911651909351349,
          -0.019676048553242634
        ]
      },
      "pos_key_count": 2,
      "rot_key_count": 2
    },
    "RightHandOrigin": {
      "posMulti": 4.624257098999619e-07,
      "posBias": -0.006748163141310215,
      "rotMulti": 1.6694135228655337e-05,
      "rotBias": -0.09934796392917633,
      "pos": {
        "0": [
          0.016783756384079047,
          -0.006748163141310215,
          0.023556905756983788
        ],
        "1": [
          0.016784218809788948,
          -0.006748163141310215,
          0.02355644333127389
        ]
      },
      "rot_import_quat": {
        "0": [
          -0.9946854941455225,
          -0.009500128128553303,
          -0.09934796392917633,
          0.024639378414046856
        ],
        "1": [
          -0.9947021882807512,
          -0.009500128128553303,
          -0.09934796392917633,
          0.024639378414046856
        ]
      },
      "pos_key_count": 2,
      "rot_key_count": 2
    },
    "RightForeArmDirectionOrigin": {
      "posMulti": 5.022999708191156e-06,
      "posBias": -0.1730433702468872,
      "rotMulti": 1.6677414825003147e-05,
      "rotBias": -0.25657185912132263,
      "pos": {
        "0": [
          0.14594724922150037,
          -0.1730433702468872,
          0.15613891562942023
        ]
      },
      "rot_import_quat": {
        "0": [
          -0.8363825214352587,
          -0.25657185912132263,
          0.41569473247455424,
          0.24863706817249775
        ],
        "1": [
          -0.8363825214352587,
          -0.25657185912132263,
          0.41569473247455424,
          0.24863706817249775
        ]
      },
      "pos_key_count": 1,
      "rot_key_count": 2
    },
    "RightForeArmDirection": {
      "posMulti": 5.068076766818761e-06,
      "posBias": -0.18470560014247894,
      "rotMulti": 1.651934225348711e-05,
      "rotBias": -0.2390812188386917,
      "pos": {
        "0": [
          0.14742574269422176,
          -0.18470560014247894,
          0.13890630564919942
        ],
        "1": [
          0.14743081077098857,
          -0.18470560014247894,
          0.13890630564919942
        ]
      },
      "rot_import_quat": {
        "0": [
          -0.843513875743586,
          -0.2390812188386917,
          0.3849699734712908,
          0.2882987826038843
        ],
        "1": [
          -0.843513875743586,
          -0.2390812188386917,
          0.3849699734712908,
          0.2882987826038843
        ]
      },
      "pos_key_count": 2,
      "rot_key_count": 2
    },
    "LeftHandIKTarget": {
      "posMulti": 2.3757641283908486e-06,
      "posBias": -0.0880155935883522,
      "rotMulti": 1.8926438266425133e-05,
      "rotBias": -0.3878621757030487,
      "pos": {
        "0": [
          -0.0880155935883522,
          0.04917528176970573,
          0.06767773280161368
        ],
        "1": [
          -0.0880155935883522,
          0.04917528176970573,
          0.06768010856574205
        ]
      },
      "rot_import_quat": {
        "0": [
          0.0525235424985282,
          -0.3878621757030487,
          0.34652148191077925,
          0.8524819560871224
        ],
        "1": [
          0.0525235424985282,
          -0.3878621757030487,
          0.34652148191077925,
          0.8524819560871224
        ]
      },
      "pos_key_count": 2,
      "rot_key_count": 2
    },
    "LeftForeArmDirection": {
      "posMulti": 5.72646994587779e-06,
      "posBias": -0.2062639594078064,
      "rotMulti": 2.014745702103138e-05,
      "rotBias": -0.6192800402641296,
      "pos": {
        "0": [
          -0.2062639594078064,
          0.16902024849529457,
          -0.06717373089238074
        ]
      },
      "rot_import_quat": {
        "0": [
          -0.7010835556091619,
          -0.6192800402641296,
          0.315340343484495,
          0.15978182782511174
        ]
      },
      "pos_key_count": 1,
      "rot_key_count": 1
    },
    "LeftHandOrigin": {
      "posMulti": 2.452608726121187e-06,
      "posBias": -0.09113166481256485,
      "rotMulti": 2.0161121476235387e-05,
      "rotBias": -0.4845500886440277,
      "pos": {
        "0": [
          -0.09113166481256485,
          0.023216311825383237,
          0.06960004805378714
        ],
        "1": [
          -0.09113166481256485,
          0.023216311825383237,
          0.06960004805378714
        ]
      },
      "rot_import_quat": {
        "0": [
          0.011852434512212795,
          -0.4845500886440277,
          0.25491952486133385,
          0.8367090073010583
        ],
        "1": [
          0.011852434512212795,
          -0.4845500886440277,
          0.25491952486133385,
          0.8367090073010583
        ]
      },
      "pos_key_count": 2,
      "rot_key_count": 2
    },
    "LeftForeArmDirectionOrigin": {
      "posMulti": 5.6174949151664965e-06,
      "posBias": -0.21480339765548706,
      "rotMulti": 2.0334517446398733e-05,
      "rotBias": -0.702437698841095,
      "pos": {
        "0": [
          -0.21480339765548706,
          0.15333913160994928,
          -0.0772758871423809
        ]
      },
      "rot_import_quat": {
        "0": [
          -0.6301849020086461,
          -0.702437698841095,
          0.31931079928810213,
          0.08646024000939023
        ],
        "1": [
          -0.6301849020086461,
          -0.702437698841095,
          0.31931079928810213,
          0.08646024000939023
        ]
      },
      "pos_key_count": 1,
      "rot_key_count": 2
    }
  },
  "blender_action_values_frame_0": {
    "RightHandOrigin": {
      "location": [
        0.0,
        0.0,
        0.0
      ],
      "rotation_quaternion": [
        0.0,
        0.0,
        0.0,
        0.0
      ]
    },
    "RightForeArmDirectionOrigin": {
      "location": [
        0.17304351925849915,
        -0.12905293703079224,
        0.15613877773284912
      ],
      "rotation_quaternion": [
        0.0,
        0.0,
        0.0,
        0.0
      ]
    },
    "RightForeArmDirection": {
      "location": [
        0.0,
        0.0,
        0.0
      ],
      "rotation_quaternion": [
        0.0,
        0.0,
        0.0,
        0.0
      ]
    },
    "RightHand_Dummy": {
      "location": [
        0.459015429019928,
        0.31312310695648193,
        -0.5524632334709167
      ],