{
  "file": "P:\\Animation_Weapon\\Weapon_template_aks74u_fk_manual_clean_v20.blend",
  "variants": {
    "frame0_aks74u_preserveFalse": {
      "ok": true,
      "error": {
        "loc_rmse": 0.3414170394886511,
        "rot_rad_rmse": 2.0682626731168843
      },
      "sample": {
        "RightHand": {
          "head": [
            0.5699085593223572,
            -0.33917728066444397,
            1.1259733438491821
          ],
          "tail": [
            0.6421725749969482,
            -0.38335320353507996,
            1.0728093385696411
          ],
          "quat": [
            0.47517290711402893,
            -0.751474916934967,
            -0.23093575239181519,
            -0.3951769471168518
          ]
        },
        "LeftHand": {
          "head": [
            0.2821458578109741,
            -0.25430575013160706,
            0.26212459802627563
          ],
          "tail": [
            0.3207916021347046,
            -0.17496493458747864,
            0.2150976061820984
          ],
          "quat": [
            0.944836437702179,
            -0.2613649368286133,
            -0.06315317004919052,
            -0.1870405673980713
          ]
        }
      }
    },
    "frame0_aks74u_preserveTrue": {
      "ok": true,
      "error": {
        "loc_rmse": 0.26242173150119036,
        "rot_rad_rmse": 1.8714850345534684
      },
      "sample": {
        "RightHand": {
          "head": [
            0.569908618927002,
            -0.33917731046676636,
            1.1259733438491821
          ],
          "tail": [
            0.642172634601593,
            -0.38335320353507996,
            1.0728093385696411
          ],
          "quat": [
            0.4751729369163513,
            -0.7514748573303223,
            -0.23093575239181519,
            -0.3951770067214966
          ]
        },
        "LeftHand": {
          "head": [
            0.09770150482654572,
            -0.03898608312010765,
            0.9175580739974976
          ],
          "tail": [
            0.13634726405143738,
            0.04035472497344017,
            0.8705311417579651
          ],
          "quat": [
            0.944836437702179,
            -0.2613649070262909,
            -0.06315328180789948,
            -0.18704061210155487
          ]
        }
      }
    },
    "frame0_aks74u.001_preserveFalse": {
      "ok": true,
      "error": {
        "loc_rmse": 0.34141701788370266,
        "rot_rad_rmse": 2.068262663327984
      },
      "sample": {
        "RightHand": {
          "head": [
            0.5699085593223572,
            -0.33917728066444397,
            1.1259733438491821
          ],
          "tail": [
            0.6421725749969482,
            -0.38335320353507996,
            1.0728093385696411
          ],
          "quat": [
            0.47517290711402893,
            -0.751474916934967,
            -0.23093575239181519,
            -0.3951769471168518
          ]
        },
        "LeftHand": {
          "head": [
            0.282145619392395,
            -0.254305899143219,
            0.26212477684020996
          ],
          "tail": [
            0.3207913637161255,
            -0.1749650537967682,
            0.21509777009487152
          ],
          "quat": [
            0.944836437702179,
            -0.26136496663093567,
            -0.06315316259860992,
            -0.18704047799110413
          ]
        }
      }
    },
    "frame0_aks74u.001_preserveTrue": {
      "ok": true,
      "error": {
        "loc_rmse": 0.2624217781617374,
        "rot_rad_rmse": 1.8714851773807795
      },
      "sample": {
        "RightHand": {
          "head": [
            0.569908618927002,
            -0.33917731046676636,
            1.1259733438491821
          ],
          "tail": [
            0.642172634601593,
            -0.38335320353507996,
            1.0728093385696411
          ],
          "quat": [
            0.4751729369163513,
            -0.7514748573303223,
            -0.23093575239181519,
            -0.3951770067214966
          ]
        },
        "LeftHand": {
          "head": [
            0.09770135581493378,
            -0.03898630663752556,
            0.9175580143928528
          ],
          "tail": [
            0.13634715974330902,
            0.04035458341240883,
            0.8705310225486755
          ],
          "quat": [
            0.944836437702179,
            -0.2613649368286133,
            -0.06315335631370544,
            -0.18704059720039368
          ]
        }
      }
    },
    "frame1_aks74u_preserveFalse": {
      "ok": true,
      "error": {
        "loc_rmse": 0.13742022802738105,
        "rot_rad_rmse": 2.0078562905400883
      },
      "sample": {
        "RightHand": {
          "head": [
            0.21406126022338867,
            0.11528198421001434,
            1.3521907329559326
          ],
          "tail": [
            0.20455476641654968,
            0.017318494617938995,
            1.3345043659210205
          ],
          "quat": [
            0.08389012515544891,
            -0.9903036952018738,
            0.05608557164669037,
            -0.09547439217567444
          ]
        },
        "LeftHand": {
          "head": [
            0.1293543428182602,
            0.40610671043395996,
            1.402573585510254
          ],
          "tail": [
            0.19911645352840424,
            0.47547292709350586,
            1.384641170501709
          ],
          "quat": [
            0.8477920293807983,
            -0.23717619478702545,
            -0.3578823506832123,
            -0.3113138675689697
          ]
        }
      }
    },
    "frame1_aks74u_preserveTrue": {
      "ok": true,
      "error": {
        "loc_rmse": 0.03611577869919221,
        "rot_rad_rmse": 0.23097432397512674
      },
      "sample": {
        "RightHand": {
          "head": [
            0.21406146883964539,
            0.11528190970420837,
            1.3521907329559326
          ],
          "tail": [
            0.2045549899339676,
            0.017318427562713623,
            1.3345043659210205
          ],
          "quat": [
            0.08389007300138474,
            -0.9903037548065186,
            0.056085556745529175,
            -0.09547437727451324
          ]
        },
        "LeftHand": {
          "head": [
            0.12935471534729004,
            0.40610700845718384,
            1.402573823928833
          ],
          "tail": [
            0.1991167962551117,
            0.47547322511672974,
            1.3846412897109985
          ],
          "quat": [
            0.8477921485900879,
            -0.23717620968818665,
            -0.35788238048553467,
            -0.31131377816200256
          ]
        }
      }
    },
    "frame1_aks74u.001_preserveFalse": {
      "ok": true,
      "error": {
        "loc_rmse": 0.13742012725491526,
        "rot_rad_rmse": 2.007856268918671
      },
      "sample": {
        "RightHand": {
          "head": [
            0.21406126022338867,
            0.11528198421001434,
            1.3521907329559326
          ],
          "tail": [
            0.20455476641654968,
            0.017318494617938995,
            1.3345043659210205
          ],
          "quat": [
            0.08389012515544891,
            -0.9903036952018738,
            0.05608557164669037,
            -0.09547439217567444
          ]
        },
        "LeftHand": {
          "head": [
            0.12935416400432587,
            0.40610700845718384,
            1.402573823928833
          ],
          "tail": [
            0.19911625981330872,
            0.4754732549190521,
            1.384641408920288
          ],
          "quat": [
            0.8477920889854431,
            -0.2371761053800583,
            -0.35788244009017944,
            -0.3113137185573578
          ]
        }
      }
    },
    "frame1_aks74u.001_preserveTrue": {
      "ok": true,
      "error": {
        "loc_rmse": 0.036115832563473074,