{
  "clean_source": "P:\\Animation_Weapon\\Weapon_template_dayz_diag_restored.blend",
  "anm": "P:\\DZ\\anims\\anm\\player\\ik\\weapons\\aks74u.anm",
  "saved_as": "P:\\Animation_Weapon\\Weapon_template_aks74u_anm_reload_right_hand_offset.blend",
  "imported_action": "aks74u.001",
  "scene_frame_range": [
    0,
    1
  ],
  "sample_frames": [
    0,
    1
  ],
  "right_hand_offset_matrix": [
    [
      0.9990935921669006,
      -0.04048717021942139,
      -0.013136401772499084,
      0.0
    ],
    [
      0.037238940596580505,
      0.9808929562568665,
      -0.1909509301185608,
      0.0
    ],
    [
      0.020616456866264343,
      0.1902887374162674,
      0.981511652469635,
      0.0
    ],
    [
      0.0,
      0.0,
      0.0,
      1.0
    ]
  ],
  "right_hand_offset_quat": [
    0.9951756596565247,
    0.09577196836471558,
    -0.008479122072458267,
    0.01952572725713253
  ],
  "right_hand_offset_euler_xyz_deg": [
    10.971999661009205,
    -1.181320490541433,
    2.1345813915829632
  ],
  "keyed_frames_count": 2,
  "keyed_frames_first_last": [
    0,
    1
  ],
  "before": {
    "0": {
      "RightHand": {
        "head": [
          0.23320332169532776,
          0.19974680244922638,
          1.345278024673462
        ],
        "tail": [
          0.22455096244812012,
          0.10015849769115448,
          1.347983479499817
        ],
        "direction": [
          -0.08652353286743164,
          -0.9958823919296265,
          0.027054529637098312
        ],
        "basis_quat": [
          0.8735260963439941,
          -0.34521880745887756,
          -0.05050690099596977,
          0.3394484221935272
        ],
        "basis_euler_xyz_deg": [
          -40.11476650499541,
          8.402707037719372,
          39.39917783093693
        ]
      },
      "RightHand_Dummy": {
        "head": [
          0.21449360251426697,
          0.39837372303009033,
          1.3050401210784912
        ],
        "tail": [
          0.21534426510334015,
          0.30049246549606323,
          1.325500249862671
        ],
        "direction": [
          0.00850659143179655,
          -0.9788086414337158,
          0.2046004682779312
        ],
        "basis_quat": [
          0.6300212740898132,
          0.3438640534877777,
          0.17373941838741302,
          0.6742739677429199
        ],
        "basis_euler_xyz_deg": [
          43.5137315982768,
          -14.16990191437199,
          88.20689343224223
        ]
      },
      "RightHandIK": {
        "head": [
          0.6493500471115112,
          0.06338262557983398,
          1.07020902633667
        ],
        "tail": [
          0.6109959483146667,
          0.06920095533132553,
          1.1017545461654663
        ],
        "direction": [
          -0.7670804858207703,
          0.11636637151241302,
          0.6309092044830322
        ],
        "basis_quat": [
          1.0,
          0.0,
          0.0,
          0.0
        ],
        "basis_euler_xyz_deg": [
          0.0,
          -0.0,
          0.0
        ]
      },
      "RightHandOrigin": {
        "head": [
          0.5699084997177124,
          -0.3391772210597992,
          1.1259732246398926
        ],
        "tail": [
          0.6421725153923035,
          -0.3833531141281128,
          1.0728092193603516
        ],
        "direction": [
          0.722639799118042,
          -0.4417587220668793,
          -0.531639814376831
        ],
        "basis_quat": [
          0.0,
          1.0,
          0.0,
          0.0
        ],
        "basis_euler_xyz_deg": [
          180.00000500895632,
          -0.0,
          0.0
        ]
      },
      "RightForeArmDirection": {
        "head": [
          0.3711824417114258,
          -0.21769356727600098,
          1.2721740007400513
        ],
        "tail": [
          0.4434465169906616,
          -0.2618694603443146,
          1.2190101146697998
        ],
        "direction": [
          0.7226406335830688,
          -0.4417588412761688,
          -0.5316387414932251
        ],
        "basis_quat": [
          0.0,
          1.0,
          0.0,
          0.0
        ],
        "basis_euler_xyz_deg": [
          180.00000500895632,
          -0.0,
          0.0
        ]
      },
      "RightForeArmDirectionOrigin": {
        "head": [
          0.42057549953460693,
          0.03382137417793274,
          1.2313287258148193
        ],
        "tail": [
          0.42922794818878174,
          0.13340961933135986,
          1.2286232709884644
        ],
        "direction": [
          0.08652447164058685,
          0.9958822727203369,
          -0.027054542675614357
        ],
        "basis_quat": [
          0.0,
          1.0,
          0.0,
          0.0
        ],
        "basis_euler_xyz_deg": [
          180.00000500895632,
          -0.0,
          0.0
        ]
      },
      "LeftHand": {
        "head": [
          0.1369861662387848,
          0.507207989692688,
          1.3940051794052124
        ],
        "tail": [
          0.21867167949676514,
          0.5602273344993591,
          1.3712800741195679
        ],
        "direction": [
          0.8168549537658691,
          0.5301933288574219,
          -0.22725100815296173
        ],
        "basis_quat": [
          0.9433671832084656,
          -0.15560200810432434,
          -0.0198289155960083,
          0.29232388734817505
        ],
        "basis_euler_xyz_deg": [
          -17.79494285408622,
          3.070258184049707,
          33.952822552809195
        ]
      }
    },
    "1": {
      "RightHand": {
        "head": [
          0.23323103785514832,
          0.19960705935955048,
          1.3453255891799927
        ],
        "tail": [
          0.2245885580778122,
          0.10001782327890396,
          1.3480279445648193
        ],
        "direction": [
          -0.08642474561929703,
          -0.995891809463501,
          0.027023538947105408
        ],
        "basis_quat": [
          0.8735231757164001,
          -0.34513550996780396,
          -0.05049769580364227,
          0.339542031288147
        ],
        "basis_euler_xyz_deg": [
          -40.104012372147224,
          8.404122594424857,
          39.41035202041907
        ]
      },
      "RightHand_Dummy": {
        "head": [
          0.21450334787368774,
          0.39823317527770996,
          1.3050966262817383
        ],
        "tail": [
          0.21536466479301453,
          0.30035126209259033,
          1.3255531787872314
        ],
        "direction": [
          0.008613134734332561,
          -0.9788151979446411,
          0.20456470549106598
        ],
        "basis_quat": [
          0.6300212740898132,
          0.3438640534877777,
          0.17373941838741302,
          0.6742739677429199
        ],
        "basis_euler_xyz_deg": [
          43.5137315982768,
          -14.16990191437199,
          88.20689343224223
        ]
      },
      "RightHandIK": {
        "head": [
          0.6493800282478333,
          0.06329300999641418,
          1.070230484008789
        ],
        "tail": [
          0.6110270619392395,
          0.06910645961761475,
          1.101778268814087
        ],
        "direction": [
          -0.7670579552650452,
          0.11626878380775452,
          0.6309545636177063
        ],
        "basis_quat": [
          1.0,
          0.0,
          0.0,
          0.0
        ],
        "basis_euler_xyz_deg": [
          0.0,
          -0.0,
          0.0
        ]
      },
      "RightHandOrigin": {
        "head": [
          0.21406137943267822,
          0.11528190970420837,
          1.3521907329559326
        ],
        "tail": [
          0.20455490052700043,
          0.017318494617938995,
          1.33450448513031
        ],
        "direction": [
          -0.09506475180387497,
          -0.9796337485313416,
          -0.17686240375041962
        ],