{
  "mode": "Clean FullBody + IK Helper Tracks",
  "removed": [],
  "active_action": "aks74u",
  "nla": [
    {
      "track": "NlaTrack",
      "mute": false,
      "strip": "p_rfl_erc_idle_ras",
      "action": "p_rfl_erc_idle_ras",
      "influence": 1.0,
      "strip_mute": false
    }
  ],
  "heads": {
    "0": {
      "LeftArm": [
        -0.04808054119348526,
        0.13119906187057495,
        1.4356032609939575
      ],
      "LeftForeArm": [
        -0.07097287476062775,
        0.37186500430107117,
        1.275429368019104
      ],
      "LeftHand": [
        0.1369861662387848,
        0.507207989692688,
        1.3940051794052124
      ],
      "LeftHandIKTarget": [
        -0.6024656891822815,
        0.048438847064971924,
        1.0061495304107666
      ],
      "LeftHandOrigin": [
        -0.526024341583252,
        0.05984966829419136,
        1.0696043968200684
      ],
      "LeftForeArmDirection": [
        0.006939500570297241,
        0.4418700337409973,
        1.241719365119934
      ],
      "LeftForeArmDirectionOrigin": [
        -0.07116609811782837,
        0.3720109462738037,
        1.2756016254425049
      ],
      "RightHand": [
        0.23320332169532776,
        0.19974680244922638,
        1.345278024673462
      ],
      "RightHand_Dummy": [
        0.21449360251426697,
        0.39837348461151123,
        1.3050403594970703
      ],
      "RightHandOrigin": [
        0.5699084997177124,
        -0.3391772210597992,
        1.1259732246398926
      ],
      "RightForeArmDirection": [
        0.3711824417114258,
        -0.21769356727600098,
        1.2721740007400513
      ],
      "RightForeArmDirectionOrigin": [
        0.42057549953460693,
        0.03382137417793274,
        1.2313287258148193
      ]
    },
    "1": {
      "LeftArm": [
        -0.04805056005716324,
        0.1310647428035736,
        1.4355952739715576
      ],
      "LeftForeArm": [
        -0.07087776064872742,
        0.37172573804855347,
        1.275404691696167
      ],
      "LeftHand": [
        0.13703444600105286,
        0.5070923566818237,
        1.3940355777740479
      ],
      "LeftHandIKTarget": [
        0.14596742391586304,
        0.49384409189224243,
        1.3352110385894775
      ],
      "LeftHandOrigin": [
        0.1440737247467041,
        0.49156713485717773,
        1.3091630935668945
      ],
      "LeftForeArmDirection": [
        0.006997823715209961,
        0.44173699617385864,
        1.241721510887146
      ],
      "LeftForeArmDirectionOrigin": [
        -0.07112317532300949,
        0.3718923330307007,
        1.2756450176239014
      ],
      "RightHand": [
        0.23323103785514832,
        0.19960705935955048,
        1.3453255891799927
      ],
      "RightHand_Dummy": [
        0.21450337767601013,
        0.39823293685913086,
        1.3050966262817383
      ],
      "RightHandOrigin": [
        0.21406137943267822,
        0.11528190970420837,
        1.3521907329559326
      ],
      "RightForeArmDirection": [
        0.4284398555755615,
        0.03205804526805878,
        1.2506272792816162
      ],
      "RightForeArmDirectionOrigin": [
        0.4206133484840393,
        0.03370404243469238,
        1.2313605546951294
      ]
    },
    "30": {
      "LeftArm": [
        -0.04739377647638321,
        0.1253947764635086,
        1.438071370124817
      ],
      "LeftForeArm": [
        -0.07015468180179596,
        0.3696622848510742,
        1.2834261655807495
      ],
      "LeftHand": [
        0.13851577043533325,
        0.5030730962753296,
        1.402937889099121
      ],
      "LeftHandIKTarget": [
        0.14745819568634033,
        0.4907490611076355,
        1.343902587890625
      ],
      "LeftHandOrigin": [
        0.1455283761024475,
        0.4888991117477417,
        1.3178234100341797
      ],
      "LeftForeArmDirection": [
        0.00871121883392334,
        0.43900996446609497,
        1.249306082725525
      ],
      "LeftForeArmDirectionOrigin": [
        -0.0703279972076416,
        0.37067317962646484,
        1.282607078552246
      ],
      "RightHand": [
        0.23334208130836487,
        0.19598038494586945,
        1.349205493927002
      ],
      "RightHand_Dummy": [
        0.21551278233528137,
        0.39531195163726807,
        1.3121867179870605
      ],
      "RightHandOrigin": [
        0.21427154541015625,
        0.11002010107040405,
        1.3541133403778076
      ],
      "RightForeArmDirection": [
        0.4284283220767975,
        0.02772235870361328,
        1.2513347864151
      ],
      "RightForeArmDirectionOrigin": [
        0.41982805728912354,
        0.031047306954860687,
        1.2323977947235107
      ]
    }
  }
}