{
  "desired": [
    0.1474626660346985,
    0.5197498798370361,
    1.3189042806625366
  ],
  "final_target": [
    0.1474706083536148,
    0.5487542152404785,
    1.3189045190811157
  ],
  "final_left_hand": [
    0.14746613800525665,
    0.5197511315345764,
    1.3189045190811157
  ],
  "final_error": 3.6984009663619295e-06,
  "steps": [
    {
      "i": 0,
      "hand": [
        0.14745472371578217,
        0.49074551463127136,
        1.3189040422439575
      ],
      "target": [
        0.1474626660346985,
        0.5197498798370361,
        1.3189042806625366
      ],
      "err": [
        7.9423189163208e-06,
        0.02900436520576477,
        2.384185791015625e-07
      ],
      "len": 0.029004366350749166
    },
    {
      "i": 1,
      "hand": [
        0.14746613800525665,
        0.5197511315345764,
        1.3189045190811157
      ],
      "target": [
        0.1474706083536148,
        0.5487542152404785,
        1.3189045190811157
      ],
      "err": [
        -3.471970558166504e-06,
        -1.2516975402832031e-06,
        -2.384185791015625e-07
      ],
      "len": 3.6984009663619295e-06
    }
  ]
}