{
  "frame": 30,
  "muted_constraints": [],
  "primary_chain": {
    "ok": true,
    "before": {
      "RightArm": [
        0.19566458463668823,
        -0.03412356972694397,
        1.403734803199768
      ],
      "RightArmRoll": [
        0.35064971446990967,
        0.011161994189023972,
        1.2857143878936768
      ],
      "RightForeArm": [
        0.42039430141448975,
        0.03153866156935692,
        1.2326059341430664
      ],
      "RightForeArmRoll": [
        0.28163591027259827,
        0.1535242795944214,
        1.319101333618164
      ],
      "RightHand": [
        0.23334208130836487,
        0.19598038494586945,
        1.349205493927002
      ]
    },
    "after": {
      "RightArm": [
        0.19566458463668823,
        -0.03412356972694397,
        1.403734803199768
      ],
      "RightArmRoll": [
        0.35064971446990967,
        0.011161994189023972,
        1.2857143878936768
      ],
      "RightForeArm": [
        0.42039430141448975,
        0.03153866156935692,
        1.2326059341430664
      ],
      "RightForeArmRoll": [
        0.28163591027259827,
        0.1535242795944214,
        1.319101333618164
      ],
      "RightHand": [
        0.23334208130836487,
        0.19598038494586945,
        1.349205493927002
      ]
    },
    "target": [
      0.21427154541015625,
      0.11002010107040405,
      1.3541133403778076
    ]
  },
  "secondary_chain": {
    "ok": true,
    "before": {
      "LeftArm": [
        -0.04739377647638321,
        0.1253947764635086,
        1.438071370124817
      ],
      "LeftArmRoll": [
        -0.06309101730585098,
        0.2938552498817444,
        1.3314194679260254
      ],
      "LeftForeArm": [
        -0.07015468180179596,
        0.3696622848510742,
        1.2834261655807495
      ],
      "LeftForeArmRoll": [
        0.08464078605175018,
        0.46862882375717163,
        1.3720821142196655
      ],
      "LeftHand": [
        0.13851577043533325,
        0.5030730962753296,
        1.402937889099121
      ]
    },
    "after": {
      "LeftArm": [
        -0.04739377647638321,
        0.1253947764635086,
        1.438071370124817
      ],
      "LeftArmRoll": [
        -0.06309101730585098,
        0.2938552498817444,
        1.3314194679260254
      ],
      "LeftForeArm": [
        -0.07015468180179596,
        0.3696622848510742,
        1.2834261655807495
      ],
      "LeftForeArmRoll": [
        0.08464078605175018,
        0.46862882375717163,
        1.3720821142196655
      ],
      "LeftHand": [
        0.13851577043533325,
        0.5030730962753296,
        1.402937889099121
      ]
    },
    "target": [
      0.14745819568634033,
      0.4907490611076355,
      1.343902587890625
    ]
  },
  "mode": "DayZDiag Solver Preview",
  "evidence": {
    "chain": [
      "RightArm",
      "RightArmRoll",
      "RightForeArm",
      "RightForeArmRoll",
      "RightHand"
    ],
    "secchain": [
      "LeftArm",
      "LeftArmRoll",
      "LeftForeArm",
      "LeftForeArmRoll",
      "LeftHand"
    ],
    "chainaxis": "-x",
    "secchainaxis": "+x",
    "source": "DayZDiag FUN_1401093e0 remap and FUN_1400e1be0 solver model"
  },
  "note": "This applies the DayZDiag-style solver to the current Blender frame and mutes Blender IK preview constraints."
}