{
  "mode": "Clean FullBody Only",
  "frame": 30,
  "removed_constraints": [],
  "removed_controls": [],
  "active_action": null,
  "nla": [
    {
      "track": "NlaTrack",
      "mute": false,
      "strip": "p_rfl_erc_idle_ras",
      "action": "p_rfl_erc_idle_ras",
      "influence": 1.0,
      "strip_mute": false
    }
  ],
  "heads": {
    "LeftArm": [
      -0.04739377647638321,
      0.1253947764635086,
      1.438071370124817
    ],
    "LeftForeArm": [
      -0.07015468180179596,
      0.3696622848510742,
      1.2834261655807495
    ],
    "LeftHand": [
      0.13851577043533325,
      0.5030730962753296,
      1.402937889099121
    ],
    "RightArm": [
      0.19566458463668823,
      -0.03412356972694397,
      1.403734803199768
    ],
    "RightForeArm": [
      0.42039430141448975,
      0.03153866156935692,
      1.2326059341430664
    ],
    "RightHand": [
      0.23334208130836487,
      0.19598038494586945,
      1.349205493927002
    ],
    "LeftHandThumb1": [
      0.14622898399829865,
      0.530020534992218,
      1.4284687042236328
    ],
    "LeftHandIndex1": [
      0.19359508156776428,
      0.5791708827018738,
      1.3995941877365112
    ],
    "LeftHandMiddle1": [
      0.2022138088941574,
      0.5616700649261475,
      1.3862459659576416
    ],
    "RightHandThumb1": [
      0.21152228116989136,
      0.21332798898220062,
      1.3749029636383057
    ],
    "RightHandIndex1": [
      0.2352723628282547,
      0.2827651798725128,
      1.3852647542953491
    ],
    "RightHandMiddle1": [
      0.24293024837970734,
      0.28252431750297546,
      1.362903118133545
    ]
  },
  "note": "Weapon IK preview and IK helper/finger active action disabled. This should be visually stable full-body pose only."
}