{
  "desired_weapon_point": {
    "object": "1",
    "point": [
      0.19788219034671783,
      0.4264218509197235,
      1.4546470642089844
    ]
  },
  "final_hand": [
    0.19787822663784027,
    0.42642050981521606,
    1.454645037651062
  ],
  "final_target": [
    0.2182367742061615,
    0.44649311900138855,
    1.4497328996658325
  ],
  "final_error": 4.6493533290836965e-06,
  "iterations": [
    {
      "hand": [
        0.19787822663784027,
        0.42642050981521606,
        1.454645037651062
      ],
      "target": [
        0.2182367742061615,
        0.44649311900138855,
        1.4497328996658325
      ],
      "error": [
        3.9637088775634766e-06,
        1.341104507446289e-06,
        2.0265579223632812e-06
      ],
      "error_len": 4.6493533290836965e-06
    }
  ],
  "note": "Target is solver-compensated so the visible hand reaches the weapon point."
}