{
  "mode": "DayZ Local Adapter Preview",
  "frame": 30,
  "removed": [],
  "active_action": "aks74u_helpers_only",
  "helper_snapshot": {
    "RightHandOrigin": [
      0.21427154541015625,
      0.11002010107040405,
      1.3541133403778076
    ],
    "RightForeArmDirection": [
      0.4284283220767975,
      0.02772235870361328,
      1.2513347864151
    ],
    "RightForeArmDirectionOrigin": [
      0.41982805728912354,
      0.031047306954860687,
      1.2323977947235107
    ],
    "LeftHandIKTarget": [
      0.14745819568634033,
      0.4907490611076355,
      1.343902587890625
    ],
    "LeftHandOrigin": [
      0.1455283761024475,
      0.4888991117477417,
      1.3178234100341797
    ],
    "LeftForeArmDirection": [
      0.00871121883392334,
      0.43900996446609497,
      1.249306082725525
    ],
    "LeftForeArmDirectionOrigin": [
      -0.0703279972076416,
      0.37067317962646484,
      1.282607078552246
    ]
  },
  "primary": {
    "ok": true,
    "target": [
      0.21427154541015625,
      0.11002010107040405,
      1.3541133403778076
    ],
    "before": {
      "RightArm": [
        0.19566458463668823,
        -0.03412356972694397,
        1.403734803199768
      ],
      "RightArmRoll": [
        0.35064971446990967,
        0.011161994189023972,
        1.2857143878936768
      ],
      "RightForeArm": [
        0.42039430141448975,
        0.03153866156935692,
        1.2326059341430664
      ],
      "RightForeArmRoll": [
        0.28163591027259827,
        0.1535242795944214,
        1.319101333618164
      ],
      "RightHand": [
        0.23334208130836487,
        0.19598038494586945,
        1.349205493927002
      ]
    },
    "solver_records_after": {
      "RightArm": [
        0.19566458463668823,
        -0.03412356972694397,
        1.403734803199768
      ],
      "RightArmRoll": [
        0.312241792678833,
        -0.09529557824134827,
        1.554292917251587
      ],
      "RightForeArm": [
        0.3646998405456543,
        -0.12282426655292511,
        1.6220450401306152
      ],
      "RightForeArmRoll": [
        0.338887095451355,
        0.022518515586853027,
        1.7628464698791504
      ],
      "RightHand": [
        0.21427154541015625,
        0.11002010107040405,
        1.3541133403778076
      ]
    },
    "applied": {
      "RightArm": {
        "desired_head": [
          0.19566458463668823,
          -0.03412356972694397,
          1.403734803199768
        ],
        "actual_head": [
          0.19566461443901062,
          -0.034123554825782776,
          1.4037349224090576
        ],
        "actual_matrix_translation": [
          0.19566461443901062,
          -0.034123554825782776,
          1.4037349224090576
        ]
      },
      "RightArmRoll": {
        "desired_head": [
          0.312241792678833,
          -0.09529557824134827,
          1.554292917251587
        ],
        "actual_head": [
          0.3122417628765106,
          -0.09529557079076767,
          1.5542927980422974
        ],
        "actual_matrix_translation": [
          0.3122417628765106,
          -0.09529557079076767,
          1.5542927980422974
        ]
      },
      "RightForeArm": {
        "desired_head": [
          0.3646998405456543,
          -0.12282426655292511,
          1.6220450401306152
        ],
        "actual_head": [
          0.3646998703479767,
          -0.1228242740035057,
          1.6220449209213257
        ],
        "actual_matrix_translation": [
          0.3646998703479767,
          -0.1228242740035057,
          1.6220449209213257
        ]
      },
      "RightForeArmRoll": {
        "desired_head": [
          0.338887095451355,
          0.022518515586853027,
          1.7628464698791504
        ],
        "actual_head": [
          0.33888721466064453,
          0.02251839078962803,
          1.7628467082977295
        ],
        "actual_matrix_translation": [
          0.33888721466064453,
          0.02251839078962803,
          1.7628467082977295
        ]
      },
      "RightHand": {
        "desired_head": [
          0.21427154541015625,
          0.11002010107040405,
          1.3541133403778076
        ],
        "actual_head": [
          0.21427148580551147,
          0.11002015322446823,
          1.3541133403778076
        ],
        "actual_matrix_translation": [
          0.21427148580551147,
          0.11002015322446823,
          1.3541133403778076
        ]
      }
    },
    "after": {
      "RightArm": [
        0.19566461443901062,
        -0.034123554825782776,
        1.4037349224090576
      ],
      "RightArmRoll": [
        0.3122417628765106,
        -0.09529557079076767,
        1.5542927980422974
      ],
      "RightForeArm": [
        0.3646998703479767,
        -0.1228242740035057,
        1.6220449209213257
      ],
      "RightForeArmRoll": [
        0.33888721466064453,
        0.02251839078962803,
        1.7628467082977295
      ],
      "RightHand": [
        0.21427148580551147,
        0.11002015322446823,
        1.3541133403778076
      ]
    }
  },
  "secondary": {
    "ok": true,
    "target": [
      0.14745819568634033,
      0.4907490611076355,
      1.343902587890625
    ],
    "before": {
      "LeftArm": [
        -0.04739377647638321,
        0.1253947764635086,
        1.438071370124817
      ],
      "LeftArmRoll": [
        -0.06309101730585098,
        0.2938552498817444,
        1.3314194679260254
      ],
      "LeftForeArm": [
        -0.07015468180179596,
        0.3696622848510742,
        1.2834261655807495
      ],
      "LeftForeArmRoll": [
        0.08464078605175018,
        0.46862882375717163,
        1.3720821142196655
      ],
      "LeftHand": [
        0.13851577043533325,
        0.5030730962753296,
        1.402937889099121
      ]
    },
    "solver_records_after": {
      "LeftArm": [
        -0.04739377647638321,
        0.1253947764635086,
        1.438071370124817
      ],
      "LeftArmRoll": [
        -0.1374400407075882,
        0.27032023668289185,
        1.542418122291565
      ],
      "LeftForeArm": [
        -0.17796072363853455,
        0.3355365991592407,
        1.58937406539917
      ],
      "LeftForeArmRoll": [
        -0.06021592766046524,
        0.35099950432777405,
        1.7552443742752075
      ],
      "LeftHand": [
        0.14745819568634033,
        0.4907490611076355,
        1.343902587890625
      ]
    },
    "applied": {
      "LeftArm": {
        "desired_head": [
          -0.04739377647638321,
          0.1253947764635086,
          1.438071370124817
        ],
        "actual_head": [
          -0.047393813729286194,
          0.12539471685886383,
          1.4380714893341064
        ],
        "actual_matrix_translation": [
          -0.047393813729286194,
          0.12539471685886383,
          1.4380714893341064
        ]
      },
      "LeftArmRoll": {
        "desired_head": [
          -0.1374400407075882,
          0.27032023668289185,
          1.542418122291565
        ],
        "actual_head": [
          -0.13744007050991058,
          0.27032017707824707,
          1.542418360710144
        ],
        "actual_matrix_translation": [
          -0.13744007050991058,
          0.27032017707824707,
          1.542418360710144
        ]
      },
      "LeftForeArm": {
        "desired_head": [
          -0.17796072363853455,
          0.3355365991592407,
          1.58937406539917
        ],
        "actual_head": [
          -0.17796070873737335,
          0.3355365991592407,
          1.58937406539917
        ],
        "actual_matrix_translation": [
          -0.17796070873737335,
          0.3355365991592407,
          1.58937406539917
        ]
      },
      "LeftForeArmRoll": {
        "desired_head": [
          -0.06021592766046524,
          0.35099950432777405,
          1.7552443742752075
        ],
        "actual_head": [
          -0.06021596118807793,
          0.3509994149208069,
          1.755244255065918
        ],