{
  "frame": 30,
  "reset_count": 163,
  "active_action": "aks74u",
  "heads": {
    "LeftArm": [
      -0.04739377647638321,
      0.1253947764635086,
      1.438071370124817
    ],
    "LeftForeArm": [
      -0.07015468180179596,
      0.3696622848510742,
      1.2834261655807495
    ],
    "LeftHand": [
      0.13851577043533325,
      0.5030730962753296,
      1.402937889099121
    ],
    "LeftHandIKTarget": [
      0.14745813608169556,
      0.4907490909099579,
      1.343902826309204
    ],
    "LeftHandOrigin": [
      0.14552831649780273,
      0.4888993203639984,
      1.3178236484527588
    ],
    "LeftForeArmDirection": [
      -0.82942795753479,
      -1.0511705875396729,
      1.8538978099822998
    ],
    "RightHand": [
      0.23334208130836487,
      0.19598038494586945,
      1.349205493927002
    ],
    "RightHand_Dummy": [
      0.21551278233528137,
      0.3953121304512024,
      1.3121867179870605
    ],
    "RightHandOrigin": [
      -0.23105454444885254,
      -1.3836792707443237,
      0.8960765600204468
    ]
  },
  "mode": "Pose basis reset; animation re-evaluated"
}