{
  "frame": 30,
  "LeftHand_head": [
    0.11996373534202576,
    0.47779974341392517,
    1.4331002235412598
  ],
  "LeftHand_tail": [
    0.1592213213443756,
    0.5332626700401306,
    1.3597333431243896
  ],
  "LeftHandIKTarget_head": [
    0.14025944471359253,
    0.49793145060539246,
    1.428221344947815
  ],
  "LeftHandIKTarget_tail": [
    0.21024474501609802,
    0.5673506855964661,
    1.41139817237854
  ],
  "dist_head_target": 0.02900008459919807,
  "dist_tail_target": 0.07936280268034411
}