{
  "source_file": "P:\\Animation_Weapon\\Weapon_template_dayz_arm_fk_controls_v15_green_mirrored.blend",
  "save_as": "P:\\Animation_Weapon\\Weapon_template_dayz_arm_fk_controls_v16_shape_mirror_fix.blend",
  "updates": [
    {
      "left": "FK_LeftArm.L",
      "right": "FK_RightArm.R",
      "before": {
        "right_translation": [
          0.0,
          0.05000000074505806,
          -0.019999999552965164
        ],
        "right_rotation": [
          1.5707963705062866,
          0.0,
          0.0
        ],
        "right_scale": [
          1.0,
          1.0,
          1.0
        ]
      },
      "after": {
        "left_translation": [
          0.0,
          0.05000000074505806,
          -0.019999999552965164
        ],
        "left_world_offset": [
          -0.02193288505077362,
          0.035541124641895294,
          -0.033996716141700745
        ],
        "mirrored_world_offset": [
          0.02193288505077362,
          0.035541124641895294,
          -0.033996716141700745
        ],
        "right_translation": [
          -0.02335846796631813,
          -0.04481801018118858,
          -0.018593784421682358
        ],
        "right_world_offset": [
          0.02193288691341877,
          0.035541124641895294,
          -0.03399671986699104
        ],
        "right_rotation": [
          1.5707963705062866,
          0.0,
          -0.0
        ],
        "right_scale": [
          1.0,
          1.0,
          1.0
        ]
      }
    },
    {
      "left": "FK_LeftArmRoll.L",
      "right": "FK_RightArmRoll.R",
      "before": {
        "right_translation": [
          0.009999999776482582,
          0.0,
          -0.009999999776482582
        ],
        "right_rotation": [
          1.5707963705062866,
          0.0,
          0.0
        ],
        "right_scale": [
          1.100000023841858,
          1.100000023841858,
          1.100000023841858
        ]
      },
      "after": {
        "left_translation": [
          0.009999999776482582,
          0.0,
          -0.009999999776482582
        ],
        "left_world_offset": [
          -0.0013569234870374203,
          -0.007888986729085445,
          -0.01165858656167984
        ],
        "mirrored_world_offset": [
          0.0013569234870374203,
          -0.007888986729085445,
          -0.01165858656167984
        ],
        "right_translation": [
          -0.009419450536370277,
          -0.006326461210846901,
          0.008440966717898846
        ],
        "right_world_offset": [
          0.0013569232542067766,
          -0.007888986729085445,
          -0.01165858656167984
        ],
        "right_rotation": [
          1.5707963705062866,
          0.0,
          -0.0
        ],
        "right_scale": [
          1.100000023841858,
          1.100000023841858,
          1.100000023841858
        ]
      }
    },
    {
      "left": "FK_LeftForeArm.L",
      "right": "FK_RightForeArm.R",
      "before": {
        "right_translation": [
          0.0,
          0.05000000074505806,
          0.0
        ],
        "right_rotation": [
          1.5707963705062866,
          0.0,
          0.0
        ],
        "right_scale": [
          0.699999988079071,
          0.699999988079071,
          0.699999988079071
        ]
      },
      "after": {
        "left_translation": [
          0.0,
          0.05000000074505806,
          0.0
        ],
        "left_world_offset": [
          0.037802256643772125,
          0.024612141773104668,
          0.021569250151515007
        ],
        "mirrored_world_offset": [
          -0.037802256643772125,
          0.024612141773104668,
          0.021569250151515007
        ],
        "right_translation": [
          -0.002682201564311981,
          -0.04953998327255249,
          -0.006212719716131687
        ],
        "right_world_offset": [
          -0.037802256643772125,
          0.024612141773104668,
          0.021569252014160156
        ],
        "right_rotation": [
          1.5707963705062866,
          0.0,
          -0.0
        ],
        "right_scale": [
          0.699999988079071,
          0.699999988079071,
          0.699999988079071
        ]
      }
    },
    {
      "left": "FK_LeftForeArmRoll.L",
      "right": "FK_RightForeArmRoll.R",
      "before": {
        "right_translation": [
          0.0,
          0.0,
          0.0
        ],
        "right_rotation": [
          1.5707963705062866,
          0.0,
          0.0
        ],
        "right_scale": [
          0.6000000238418579,
          0.6000000238418579,
          0.6000000238418579
        ]
      },
      "after": {
        "left_translation": [
          0.0,
          0.0,
          0.0
        ],
        "left_world_offset": [
          0.0,
          0.0,
          0.0
        ],
        "mirrored_world_offset": [
          -0.0,
          0.0,
          0.0
        ],
        "right_translation": [
          0.0,
          0.0,
          0.0
        ],
        "right_world_offset": [
          0.0,
          0.0,
          0.0
        ],
        "right_rotation": [
          1.5707963705062866,
          0.0,
          -0.0
        ],
        "right_scale": [
          0.6000000238418579,
          0.6000000238418579,
          0.6000000238418579
        ]
      }
    },
    {
      "left": "FK_LeftHand.L",
      "right": "FK_RightHand.R",
      "before": {
        "right_translation": [
          0.009999999776482582,
          0.05999999865889549,
          0.0
        ],
        "right_rotation": [
          1.5707963705062866,
          0.0,
          1.5707963705062866
        ],
        "right_scale": [
          1.0,
          0.800000011920929,
          1.0
        ]
      },
      "after": {
        "left_translation": [
          0.009999999776482582,
          0.05999999865889549,
          0.0
        ],
        "left_world_offset": [
          0.05316226929426193,
          0.02914399839937687,
          -0.004939586855471134
        ],
        "mirrored_world_offset": [
          -0.05316226929426193,
          0.02914399839937687,
          -0.004939586855471134
        ],
        "right_translation": [
          -0.056212168186903,
          -0.023195093497633934,
          -0.0014766575768589973
        ],
        "right_world_offset": [
          -0.05316227301955223,
          0.02914399839937687,
          -0.004939587786793709
        ],
        "right_rotation": [
          1.5707963705062866,
          0.0,
          -1.5707963705062866
        ],
        "right_scale": [
          1.0,
          0.800000011920929,
          1.0
        ]
      }
    }
  ],
  "note": "Right custom shape translations are mirrored from left in world offset space, then converted to each right bone local space."
}