{
  "frame": 30,
  "mode": "offline ANM-space DayZ runtime cache diagnostic; no pose applied",
  "active_action": "aks74u_helpers_only",
  "result": {
    "cache": {
      "RightHandOrigin": {
        "location": [
          0.010522598400712013,
          -0.0052426643669605255,
          0.025810616090893745
        ],
        "rotation": [
          0.9947268962860107,
          0.008864197880029678,
          0.0993698388338089,
          -0.02377922460436821
        ]
      },
      "RightForeArmDirection": {
        "location": [
          0.14868567883968353,
          -0.185507670044899,
          0.1393827348947525
        ],
        "rotation": [
          0.843112587928772,
          -0.23938538134098053,
          0.3849615454673767,
          0.28924107551574707
        ]
      },
      "RightForeArmDirectionOrigin": {
        "location": [
          0.14594727754592896,
          -0.17304334044456482,
          0.15613894164562225
        ],
        "rotation": [
          0.836391806602478,
          -0.2565702795982361,
          0.41569310426712036,
          0.24863585829734802
        ]
      },
      "RightHand_Dummy": {
        "location": [
          -0.19727860391139984,
          0.0421450175344944,
          0.026950709521770477
        ],
        "rotation": [
          0.6327844858169556,
          0.7677060961723328,
          -0.09911628067493439,
          -0.01967647485435009
        ]
      },
      "LeftHandIKTarget": {
        "location": [
          -0.08801552653312683,
          0.04917552322149277,
          0.06768016517162323
        ],
        "rotation": [
          0.05252336338162422,
          0.38786259293556213,
          -0.3465215265750885,
          -0.8524827361106873
        ]
      },
      "LeftHandOrigin": {
        "location": [
          -0.09113156795501709,
          0.023216571658849716,
          0.06960002332925797
        ],
        "rotation": [
          0.011852390132844448,
          0.48455071449279785,
          -0.2549213767051697,
          -0.8367109298706055
        ]
      },
      "LeftForeArmDirection": {
        "location": [
          -0.18157871067523956,
          0.23011313378810883,
          -0.0933111310005188
        ],
        "rotation": [
          0.7007694840431213,
          -0.6198214292526245,
          0.31482890248298645,
          0.16008228063583374
        ]
      },
      "LeftForeArmDirectionOrigin": {
        "location": [
          -0.21480345726013184,
          0.15333904325962067,
          -0.07727586477994919
        ],
        "rotation": [
          0.6301934123039246,
          -0.7024385929107666,
          0.3193126320838928,
          0.08646281063556671
        ]
      }
    },
    "primary": {
      "ok": true,
      "target": [
        0.24919641017913818,
        0.19953478872776031,
        1.3259588479995728
      ],
      "helpers": {
        "dir": [
          0.4477388560771942,
          0.3765496611595154,
          1.2538845539093018
        ],
        "a": [
          0.26912274956703186,
          0.2038101702928543,
          1.3062342405319214
        ],
        "b": [
          0.4759753942489624,
          0.3781241774559021,
          1.2567309141159058
        ]
      },
      "records": {
        "RightArm": [
          0.19566458463668823,
          -0.03412356972694397,
          1.403734803199768
        ],
        "RightArmRoll": [
          0.33665931224823,
          -0.09051062166690826,
          1.5338923931121826
        ],
        "RightForeArm": [
          0.40010541677474976,
          -0.11588620394468307,
          1.5924644470214844
        ],
        "RightForeArmRoll": [
          0.3528236150741577,
          -0.0014966130256652832,
          1.7546226978302002
        ],
        "RightHand": [
          0.24919641017913818,
          0.19953478872776031,
          1.3259588479995728
        ]
      }
    },
    "secondary": {
      "ok": true,
      "target": [
        -0.005933433771133423,
        0.22511513531208038,
        1.1600531339645386
      ],
      "weapon_base": [
        0.07635098695755005,
        0.1635274589061737,
        1.2247200012207031
      ],
      "helpers": {
        "dir": [
          0.05363893508911133,
          0.43152111768722534,
          1.3802293539047241
        ],
        "a": [
          -0.016213536262512207,
          0.2223736196756363,
          1.184012770652771
        ],
        "b": [
          0.05129536613821983,
          0.4293195903301239,
          1.3520631790161133
        ]
      },
      "records": {
        "LeftArm": [
          -0.04739377647638321,
          0.1253947764635086,
          1.438071370124817
        ],
        "LeftArmRoll": [
          -0.05886469781398773,
          0.3166579604148865,
          1.380741000175476
        ],
        "LeftForeArm": [
          -0.0640266090631485,
          0.4027261734008789,
          1.3549423217773438
        ],
        "LeftForeArmRoll": [
          0.12784618139266968,
          0.47177571058273315,
          1.3492085933685303
        ],
        "LeftHand": [
          -0.005933433771133423,
          0.22511513531208038,
          1.1600531339645386
        ]
      }
    }
  },
  "evidence": {
    "source": "DayzAnimationToolsBinary ExportAnm ANM-space IK rules plus DayZDiag case 0x0c composition",
    "note": "This is for imported .anm actions, not TXA-space helper actions."
  }
}