{
  "frame": 30,
  "mode": "offline DayZ runtime cache diagnostic; no pose applied",
  "active_action": "aks74u_helpers_only",
  "result": {
    "cache": {
      "RightHandOrigin": {
        "location": [
          0.015137325040996075,
          -0.006292319856584072,
          0.02314460650086403
        ],
        "rotation": [
          0.9947268962860107,
          0.008864201605319977,
          0.0993698388338089,
          -0.023779230192303658
        ]
      },
      "RightForeArmDirection": {
        "location": [
          0.14868567883968353,
          -0.185507670044899,
          0.13938261568546295
        ],
        "rotation": [
          0.843112587928772,
          0.23938538134098053,
          -0.3849615454673767,
          -0.28924107551574707
        ]
      },
      "RightForeArmDirectionOrigin": {
        "location": [
          0.14594727754592896,
          -0.17304334044456482,
          0.1561388224363327
        ],
        "rotation": [
          0.836391806602478,
          0.2565702795982361,
          -0.41569310426712036,
          -0.24863585829734802
        ]
      },
      "RightHand_Dummy": {
        "location": [
          -0.1972784698009491,
          0.04214509576559067,
          0.026950333267450333
        ],
        "rotation": [
          0.6327844858169556,
          -0.7677060961723328,
          0.09911633282899857,
          0.019676467403769493
        ]
      },
      "LeftHandIKTarget": {
        "location": [
          -0.08801551908254623,
          0.049175288528203964,
          0.06768016517162323
        ],
        "rotation": [
          0.05252336710691452,
          -0.38786253333091736,
          0.3465215265750885,
          0.8524827361106873
        ]
      },
      "LeftHandOrigin": {
        "location": [
          -0.038117583841085434,
          0.045937370508909225,
          0.15129010379314423
        ],
        "rotation": [
          0.01185239851474762,
          -0.48455074429512024,
          0.2549213469028473,
          0.8367109894752502
        ]
      },
      "LeftForeArmDirection": {
        "location": [
          -0.10652744024991989,
          0.16864944994449615,
          -0.0690312385559082
        ],
        "rotation": [
          0.7007694244384766,
          0.6198214292526245,
          -0.31482893228530884,
          -0.16008228063583374
        ]
      },
      "LeftForeArmDirectionOrigin": {
        "location": [
          -0.21480344235897064,
          0.15333914756774902,
          -0.07727599143981934
        ],
        "rotation": [
          0.6301934123039246,
          0.7024386525154114,
          -0.3193126618862152,
          -0.0864628404378891
        ]
      }
    },
    "primary": {
      "ok": true,
      "target": [
        0.25326845049858093,
        0.20025576651096344,
        1.329480767250061
      ],
      "helpers": {
        "dir": [
          0.4518108367919922,
          0.3772706389427185,
          1.2574065923690796
        ],
        "a": [
          0.2764497697353363,
          0.2054847925901413,
          1.3139989376068115
        ],
        "b": [
          0.48330235481262207,
          0.3797987699508667,
          1.264495611190796
        ]
      },
      "records": {
        "RightArm": [
          0.19566458463668823,
          -0.03412356972694397,
          1.403734803199768
        ],
        "RightArmRoll": [
          0.33502236008644104,
          -0.09171304106712341,
          1.5351229906082153
        ],
        "RightForeArm": [
          0.3977319002151489,
          -0.11762972176074982,
          1.59424889087677
        ],
        "RightForeArmRoll": [
          0.3483113944530487,
          -0.004703618586063385,
          1.756794810295105
        ],
        "RightHand": [
          0.25326845049858093,
          0.20025576651096344,
          1.329480767250061
        ]
      }
    },
    "secondary": {
      "ok": true,
      "target": [
        -0.02218281477689743,
        0.10003700107336044,
        1.237963318824768
      ],
      "weapon_base": [
        0.08042299747467041,
        0.16424834728240967,
        1.22824227809906
      ],
      "helpers": {
        "dir": [
          0.10246147215366364,
          -0.05780307203531265,
          1.1738824844360352
        ],
        "a": [
          0.019354254007339478,
          0.022848621010780334,
          1.2804784774780273
        ],
        "b": [
          0.1906794011592865,
          -0.1912378966808319,
          1.3014466762542725
        ]
      },
      "records": {
        "LeftArm": [
          -0.04739377647638321,
          0.1253947764635086,
          1.438071370124817
        ],
        "LeftArmRoll": [
          -0.06775248795747757,
          0.28057026863098145,
          1.3135480880737305
        ],
        "LeftForeArm": [
          -0.07691393792629242,
          0.3503990173339844,
          1.2575125694274902
        ],
        "LeftForeArmRoll": [
          0.09999434649944305,
          0.396154522895813,
          1.1668164730072021
        ],
        "LeftHand": [
          -0.02218281477689743,
          0.10003700107336044,
          1.237963318824768
        ]
      }
    }
  },
  "evidence": {
    "primary_target": "RightHand current transform composed with cached ikpose_chainoffset / RightHandOrigin",
    "secondary_target": "primary target composed with ikpose_weaponoffset / RightHand_Dummy, then ikpose_secchainoffset / LeftHandIKTarget",
    "secondary_helpers": "matches Ghidra local_4b8 from secondary target basis and local_498/local_4a8 from weapon_base/local_588 basis"
  }
}