{
  "0": {
    "LeftHandIKTarget": {
      "export_loc": [
        0.2744164764881134,
        -0.36246728897094727,
        0.8200761675834656
      ],
      "export_rot_key": [
        -0.6654164791107178,
        0.6646534204483032,
        0.23964424431324005,
        0.240888774394989
      ],
      "pose_location": [
        0.0,
        0.0,
        0.0
      ],
      "pose_rotation_quaternion": [
        0.0,
        0.0,
        0.0,
        0.0
      ],
      "should_skip": true
    },
    "LeftHandOrigin": {
      "export_loc": [
        0.2744164764881134,
        -0.36246728897094727,
        0.8200761675834656
      ],
      "export_rot_key": [
        -0.24127918481826782,
        -0.6548723578453064,
        -0.24253199994564056,
        0.6738730072975159
      ],
      "pose_location": [
        0.0,
        0.0,
        0.0
      ],
      "pose_rotation_quaternion": [
        0.0,
        0.0,
        0.0,
        0.0
      ],
      "should_skip": false
    },
    "RightHandOrigin": {
      "export_loc": [
        -0.4653356373310089,
        0.26381227374076843,
        -0.23700883984565735
      ],
      "export_rot_key": [
        -0.30122750997543335,
        0.525453507900238,
        0.20587153732776642,
        0.7686205506324768
      ],
      "pose_location": [
        0.0,
        0.0,
        0.0
      ],
      "pose_rotation_quaternion": [
        0.0,
        0.0,
        0.0,
        0.0
      ],
      "should_skip": false
    },
    "LeftForeArmDirection": {
      "export_loc": [
        -0.18126994371414185,
        0.23048117756843567,
        -0.09159988164901733
      ],
      "export_rot_key": [
        -0.6192803978919983,
        0.31534045934677124,
        0.15978197753429413,
        0.7010862231254578
      ],
      "pose_location": [
        0.039113402366638184,
        -0.10427570343017578,
        0.39662304520606995
      ],
      "pose_rotation_quaternion": [
        0.2873474657535553,
        0.8636413216590881,
        -0.37248361110687256,
        -0.18113771080970764
      ],
      "should_skip": false
    },
    "RightForeArmDirection": {
      "export_loc": [
        0.40180522203445435,
        -0.15303093194961548,
        0.1173580139875412
      ],
      "export_rot_key": [
        -0.3012281060218811,
        0.5254532098770142,
        0.2058718502521515,
        0.7686204314231873
      ],
      "pose_location": [
        0.0,
        0.0,
        0.0
      ],
      "pose_rotation_quaternion": [
        0.0,
        0.0,
        0.0,
        0.0
      ],
      "should_skip": false
    }
  },
  "1": {
    "LeftHandIKTarget": {
      "export_loc": [
        -0.0880155935883522,
        0.04917525127530098,
        0.06768012046813965
      ],
      "export_rot_key": [
        0.38786259293556213,
        -0.3465215265750885,
        -0.8524827361106873,
        0.05252336338162422
      ],
      "pose_location": [
        0.2023186832666397,
        0.41319578886032104,
        -0.8094707131385803
      ],
      "pose_rotation_quaternion": [
        0.5926900506019592,
        -0.6800471544265747,
        -0.245153546333313,
        0.355182021856308
      ],
      "should_skip": true
    },
    "LeftHandOrigin": {
      "export_loc": [
        -0.09113161265850067,
        0.023216264322400093,
        0.06959998607635498
      ],
      "export_rot_key": [
        0.48455074429512024,
        -0.2549213767051697,
        -0.8367109298706055,
        0.011852403171360493
      ],
      "pose_location": [
        0.18306094408035278,
        -0.813481867313385,
        0.3877212405204773
      ],
      "pose_rotation_quaternion": [
        0.48342299461364746,
        0.260945200920105,
        -0.18213635683059692,
        -0.8154980540275574
      ],
      "should_skip": false
    },
    "RightHandOrigin": {
      "export_loc": [
        0.012083658948540688,
        -0.0055543966591358185,
        0.026557276025414467
      ],
      "export_rot_key": [
        0.009500120766460896,
        0.09934797137975693,
        -0.024639422073960304,
        0.9947022795677185
      ],
      "pose_location": [
        -0.03574502468109131,
        0.5782453417778015,
        -0.22095343470573425
      ],
      "pose_rotation_quaternion": [
        0.45173171162605286,
        0.8087913393974304,
        -0.2586837410926819,
        -0.2736380100250244
      ],
      "should_skip": false
    },
    "LeftForeArmDirection": {
      "export_loc": [
        -0.1812421828508377,
        0.23051363229751587,
        -0.09164327383041382
      ],
      "export_rot_key": [
        -0.6192364692687988,
        0.3154391050338745,
        0.1597958654165268,
        0.701077401638031
      ],
      "pose_location": [
        0.039113402366638184,
        -0.10427570343017578,
        0.39662304520606995
      ],
      "pose_rotation_quaternion": [
        0.2873474657535553,
        0.8636413216590881,
        -0.37248361110687256,
        -0.18113771080970764
      ],
      "should_skip": false
    },
    "RightForeArmDirection": {
      "export_loc": [
        0.14743073284626007,
        -0.18470552563667297,
        0.1389063149690628
      ],
      "export_rot_key": [
        -0.2390809953212738,
        0.38496947288513184,
        0.28829851746559143,
        0.8435181379318237
      ],
      "pose_location": [
        0.008524775505065918,
        0.05755886435508728,
        -0.250580370426178
      ],
      "pose_rotation_quaternion": [
        0.10965519398450851,
        0.9820007681846619,
        0.05750840902328491,
        -0.14262907207012177
      ],
      "should_skip": false
    }
  }
}