{
  "current": "P:\\Animation_Weapon\\Weapon_template_aks74u_refstyle_ikfk_v10.blend",
  "reference": "P:\\Animation_Weapon\\Weapon_template_aks74u_refstyle_controls_wire_v8.blend",
  "save_as": "P:\\Animation_Weapon\\Weapon_template_aks74u_refstyle_ikfk_v11_left_hand_fix.blend",
  "reference_captured_bones": [
    "CTRL_Elbow.L",
    "CTRL_Hand.L",
    "OUT_Arm.L",
    "OUT_ArmRoll.L",
    "OUT_ForeArm.L",
    "OUT_ForeArmRoll.L",
    "OUT_Hand.L"
  ],
  "reference_export": {
    "LeftArm": {
      "matrix_world": [
        [
          0.42902231216430664,
          -0.07871504873037338,
          0.8998576402664185,
          -0.04805056005716324
        ],
        [
          -0.47196441888809204,
          0.8298661708831787,
          0.2976096272468567,
          0.1310647428035736
        ],
        [
          -0.7701877355575562,
          -0.5523819923400879,
          0.31888049840927124,
          1.4355952739715576
        ],
        [
          0.0,
          0.0,
          0.0,
          1.0
        ]
      ],
      "loc": [
        -0.04805056005716324,
        0.1310647428035736,
        1.4355952739715576
      ]
    },
    "LeftArmRoll": {
      "matrix_world": [
        [
          0.6337941884994507,
          -0.0787140429019928,
          0.769486129283905,
          -0.0637935921549797
        ],
        [
          -0.3860414922237396,
          0.8298661112785339,
          0.40285724401474,
          0.2970379590988159
        ],
        [
          -0.6702809929847717,
          -0.5523821711540222,
          0.4955776035785675,
          1.325118899345398
        ],
        [
          0.0,
          0.0,
          0.0,
          1.0
        ]
      ],
      "loc": [
        -0.0637935921549797,
        0.2970379590988159,
        1.325118899345398
      ]
    },
    "LeftForeArm": {
      "matrix_world": [
        [
          0.6544639468193054,
          0.7560452222824097,
          -0.008506009355187416,
          -0.07087785005569458
        ],
        [
          -0.577113687992096,
          0.4922422468662262,
          -0.6516419649124146,
          0.3717257082462311
        ],
        [
          -0.48848363757133484,
          0.43138521909713745,
          0.7584789991378784,
          1.275404691696167
        ],
        [
          0.0,
          0.0,
          0.0,
          1.0
        ]
      ],
      "loc": [
        -0.07087785005569458,
        0.3717257082462311,
        1.275404691696167
      ]
    },
    "LeftForeArmRoll": {
      "matrix_world": [
        [
          -0.04925493896007538,
          0.7560450434684753,
          -0.6526634693145752,
          0.08335518836975098
        ],
        [
          -0.6144281029701233,
          0.4922429919242859,
          0.6165831685066223,
          0.4721429944038391
        ],
        [
          0.7874338030815125,
          0.4313846826553345,
          0.44028982520103455,
          1.3634071350097656
        ],
        [
          0.0,
          0.0,
          0.0,
          1.0
        ]
      ],
      "loc": [
        0.08335518836975098,
        0.4721429944038391,
        1.3634071350097656
      ]
    },
    "LeftHand": {
      "matrix_world": [
        [
          0.4150780141353607,
          0.8168581128120422,
          -0.400565505027771,
          0.13703441619873047
        ],
        [
          -0.2666000723838806,
          0.5301666259765625,
          0.8048896789550781,
          0.5070922374725342
        ],
        [
          0.8698474168777466,
          -0.22730125486850739,
          0.4378349184989929,
          1.3940355777740479
        ],
        [
          0.0,
          0.0,
          0.0,
          1.0
        ]
      ],
      "loc": [
        0.13703441619873047,
        0.5070922374725342,
        1.3940355777740479
      ]
    },
    "RightHand": {
      "matrix_world": [
        [
          0.9761770963668823,
          -0.08642476797103882,
          0.19902028143405914,
          0.23323103785514832
        ],
        [
          -0.11715082079172134,
          -0.9819970726966858,
          0.14818137884140015,
          0.19960695505142212
        ],
        [
          0.1826307475566864,
          -0.16796664893627167,
          -0.9687277674674988,
          1.3453254699707031
        ],
        [
          0.0,
          0.0,
          0.0,
          1.0
        ]
      ],
      "loc": [
        0.23323103785514832,
        0.19960695505142212,
        1.3453254699707031
      ]
    },
    "angle_LeftForeArmRoll_to_LeftHand_deg": 38.771538087726114
  },
  "removed_constraints": [
    "DAT_DayZ_RefStyleControlsWireV8:OUT_Hand.L:TEST_CHILD_OUT_ForeArmRoll.L",
    "DAT_DayZ_RefStyleControlsWireV8:OUT_ForeArmRoll.L:TEST_CHILD_OUT_ForeArm.L"
  ],
  "restored": [
    "CTRL_Hand.L",
    "CTRL_Elbow.L",
    "OUT_Arm.L",
    "OUT_ArmRoll.L",
    "OUT_ForeArm.L",
    "OUT_ForeArmRoll.L",
    "OUT_Hand.L"
  ],
  "post_export": {
    "LeftArm": {
      "matrix_world": [
        [
          0.4290223717689514,
          -0.07871484756469727,
          0.8998576402664185,
          -0.04805056005716324
        ],
        [
          -0.4719645082950592,
          0.8298661708831787,
          0.29760950803756714,
          0.1310647428035736
        ],
        [
          -0.7701876759529114,
          -0.5523819923400879,
          0.3188806176185608,
          1.4355952739715576
        ],
        [
          0.0,
          0.0,
          0.0,
          1.0
        ]
      ],
      "loc": [
        -0.04805056005716324,
        0.1310647428035736,
        1.4355952739715576
      ]
    },
    "LeftArmRoll": {
      "matrix_world": [
        [
          0.6337942481040955,
          -0.07871400564908981,
          0.7694860696792603,
          -0.06379355490207672
        ],
        [
          -0.386041522026062,
          0.8298661112785339,
          0.4028572142124176,
          0.2970379590988159
        ],
        [
          -0.6702809929847717,
          -0.552382230758667,
          0.49557754397392273,
          1.325118899345398
        ],
        [
          0.0,
          0.0,
          0.0,
          1.0
        ]
      ],
      "loc": [
        -0.06379355490207672,
        0.2970379590988159,
        1.325118899345398
      ]
    },
    "LeftForeArm": {
      "matrix_world": [
        [
          0.654464066028595,
          0.7560452222824097,
          -0.00850609876215458,
          -0.070877805352211
        ],
        [
          -0.5771137475967407,
          0.4922421872615814,
          -0.6516420245170593,
          0.3717257082462311
        ],
        [
          -0.4884836971759796,
          0.4313853085041046,
          0.7584789395332336,
          1.275404691696167
        ],
        [
          0.0,
          0.0,
          0.0,
          1.0
        ]
      ],
      "loc": [
        -0.070877805352211,
        0.3717257082462311,
        1.275404691696167
      ]
    },
    "LeftForeArmRoll": {
      "matrix_world": [
        [
          -0.049255162477493286,
          0.7560451626777649,
          -0.6526634693145752,
          0.08335523307323456
        ],
        [
          -0.6144281625747681,
          0.4922427535057068,
          0.6165833473205566,
          0.4721429646015167
        ],
        [
          0.7874338030815125,
          0.43138477206230164,
          0.44028985500335693,
          1.3634071350097656
        ],
        [
          0.0,
          0.0,
          0.0,
          1.0
        ]
      ],
      "loc": [
        0.08335523307323456,
        0.4721429646015167,
        1.3634071350097656
      ]
    },