{
  "op_result": [
    "FINISHED"
  ],
  "anm": "P:\\DZ\\anims\\anm\\player\\ik\\weapons\\aks74u.anm",
  "saved_as": "P:\\Animation_Weapon\\Weapon_template_aks74u_patched_importer_offset.blend",
  "action": "aks74u.001",
  "before_has_right_hand_rotation_track": true,
  "after_has_right_hand_rotation_track": true,
  "offset_action_property": true,
  "frame_range": [
    0,
    1
  ],
  "samples": {
    "0": {
      "RightHand": [
        -0.08651206642389297,
        -0.9819945096969604,
        -0.16793599724769592
      ],
      "RightHand_Dummy": [
        0.008514638058841228,
        -0.9999183416366577,
        0.009528359398245811
      ],
      "RightHandIK": [
        -0.7670930027961731,
        -0.00907882023602724,
        0.6414716243743896
      ],
      "RightForeArmDirectionOrigin": [
        0.08651284873485565,
        0.9819943904876709,
        0.1679360568523407
      ]
    },
    "1": {
      "RightHand": [
        -0.08642474561929703,
        -0.9819968342781067,
        -0.16796699166297913
      ],
      "RightHand_Dummy": [
        0.008613131940364838,
        -0.9999178647994995,
        0.00949140265583992
      ],
      "RightHandIK": [
        -0.7670581340789795,
        -0.009177164174616337,
        0.6415119171142578
      ],
      "RightForeArmDirectionOrigin": [
        0.6813622117042542,
        -0.5107833743095398,
        -0.524257481098175
      ]
    }
  }
}