{
  "aug.anm": {
    "fps": 30,
    "numFrames": 2,
    "bones": {
      "RightHand_Dummy": {
        "posKeys": 1,
        "rotKeys": 2,
        "posBias": -0.1394752711057663,
        "posMulti": 2.431261880275905e-06,
        "rotBias": -0.09026268869638443,
        "rotMulti": 1.2401871002966165e-05,
        "samples": {
          "0": {
            "pos": [
              -0.1394752711057663,
              0.01985747621811515,
              -0.01738216200207089
            ],
            "rot": [
              -0.6842961647938675,
              0.7224939274830032,
              0.039832938124730655,
              -0.09026268869638443
            ]
          },
          "1": {
            "pos": null,
            "rot": [
              -0.6842961647938675,
              0.7224939274830032,
              0.039832938124730655,
              -0.09026268869638443
            ]
          }
        }
      },
      "RightHandOrigin": {
        "posKeys": 1,
        "rotKeys": 2,
        "posBias": -0.006742900237441063,
        "posMulti": 1.3135857978236674e-06,
        "rotBias": -0.1288650631904602,
        "rotMulti": 1.7025434601759908e-05,
        "samples": {
          "0": {
            "pos": [
              0.07934294502293297,
              0.03444983679651132,
              -0.006742900237441063
            ],
            "rot": [
              -0.9868967934358754,
              -0.0733621463887229,
              -0.06362359779651623,
              -0.1288650631904602
            ]
          },
          "1": {
            "pos": null,
            "rot": [
              -0.9868967934358754,
              -0.0733621463887229,
              -0.06362359779651623,
              -0.1288650631904602
            ]
          }
        }
      },
      "LeftHandIKTarget": {
        "posKeys": 1,
        "rotKeys": 2,
        "posBias": -0.08085504919290543,
        "posMulti": 1.9895349914386866e-06,
        "rotBias": -0.09930767118930817,
        "rotMulti": 1.3618438623136282e-05,
        "samples": {
          "0": {
            "pos": [
              -0.08085504919290543,
              -0.03718077706084338,
              0.04952912647102889
            ],
            "rot": [
              0.09930767118930817,
              0.07940709886210925,
              0.793176703977928,
              0.5955595411175975
            ]
          },
          "1": {
            "pos": null,
            "rot": [
              0.09930767118930817,
              0.07940709886210925,
              0.793176703977928,
              0.5955595411175975
            ]
          }
        }
      },
      "LeftHandOrigin": {
        "posKeys": 1,
        "rotKeys": 2,
        "posBias": -0.0911964476108551,
        "posMulti": 2.453577807392478e-06,
        "rotBias": -0.48458462953567505,
        "rotMulti": 2.016206372700691e-05,
        "samples": {
          "0": {
            "pos": [
              -0.0911964476108551,
              0.023034774367916497,
              0.06959877399661094
            ],
            "rot": [
              0.011764073073635972,
              -0.48458462953567505,
              0.25475824733366836,
              0.8367362168137229
            ]
          },
          "1": {
            "pos": null,
            "rot": [
              0.011764073073635972,
              -0.48458462953567505,
              0.25475824733366836,
              0.8367362168137229
            ]
          }
        }
      },
      "RightForeArmDirection": {
        "posKeys": 1,
        "rotKeys": 2,
        "posBias": -0.11175376921892166,
        "posMulti": 5.2517015239530795e-06,
        "rotBias": -0.36377179622650146,
        "rotMulti": 1.9115423211708068e-05,
        "samples": {
          "0": {
            "pos": [
              0.23241649015334342,
              -0.11175376921892166,
              0.09548887631931477
            ],
            "rot": [
              -0.888938348529575,
              -0.36377179622650146,
              0.24740563012144057,
              0.1273225415054905
            ]
          },
          "1": {
            "pos": null,
            "rot": [
              -0.888938348529575,
              -0.36377179622650146,
              0.24740563012144057,
              0.1273225415054905
            ]
          }
        }
      },
      "LeftForeArmDirection": {
        "posKeys": 1,
        "rotKeys": 1,
        "posBias": -0.1592908501625061,
        "posMulti": 5.544168978316784e-06,
        "rotBias": -0.1179189532995224,
        "rotMulti": 1.5238661562480925e-05,
        "samples": {
          "0": {
            "pos": [
              -0.1592908501625061,
              0.20404626383148433,
              -0.0928273524504445
            ],
            "rot": [
              -0.880746732197665,
              -0.1179189532995224,
              0.2436487695934625,
              0.3885989183757811
            ]
          },
          "1": {
            "pos": null,
            "rot": null
          }
        }
      },
      "RightForeArmDirectionOrigin": {
        "posKeys": 1,
        "rotKeys": 1,
        "posBias": -0.16080911457538605,
        "posMulti": 4.6082220099771015e-06,
        "rotBias": -0.1989036500453949,
        "rotMulti": 1.6338590178844928e-05,
        "samples": {
          "0": {
            "pos": [
              0.09729279198142143,
              -0.16080911457538605,
              0.1411907148484633
            ],
            "rot": [
              -0.2700138880874545,
              0.8718458573252075,
              -0.1989036500453949,
              0.35693518783890954
            ]
          },
          "1": {
            "pos": null,
            "rot": null
          }
        }
      },
      "LeftForeArmDirectionOrigin": {
        "posKeys": 1,
        "rotKeys": 1,
        "posBias": -0.2146882861852646,
        "posMulti": 5.616152480669617e-06,
        "rotBias": -0.7016217708587646,
        "rotMulti": 2.0333396931967733e-05,
        "samples": {
          "0": {
            "pos": [
              -0.2146882861852646,
              0.15336626663541875,
              -0.07754184260731253
            ],
            "rot": [
              -0.6309273970777407,
              -0.7016217708587646,
              0.31964342344624663,
              0.08648036082737265
            ]
          },
          "1": {
            "pos": null,
            "rot": null
          }
        }
      }
    }
  },
  "aks74u.anm": {
    "fps": 30,
    "numFrames": 2,
    "bones": {
      "RightHand_Dummy": {
        "posKeys": 2,
        "rotKeys": 2,
        "posBias": -0.19727855920791626,
        "posMulti": 3.6534268429273365e-06,
        "rotBias": -0.09911651909351349,
        "rotMulti": 1.3226851571806669e-05,
        "samples": {
          "0": {
            "pos": [
              -0.19727855920791626,
              0.04214876894332675,
              0.026950513276749022
            ],
            "rot": [
              -0.6327780857808367,
              0.7677051986648366,
              -0.09911651909351349,
              -0.019676048553242634
            ]
          },
          "1": {
            "pos": [
              -0.19727855920791626,
              0.04214511551648381,
              0.026950513276749022
            ],
            "rot": [
              -0.6327780857808367,
              0.7677051986648366,
              -0.09911651909351349,
              -0.019676048553242634
            ]
          }
        }
      },
      "RightHandOrigin": {
        "posKeys": 2,
        "rotKeys": 2,
        "posBias": -0.006748163141310215,
        "posMulti": 4.624257098999619e-07,
        "rotBias": -0.09934796392917633,
        "rotMulti": 1.6694135228655337e-05,
        "samples": {
          "0": {
            "pos": [
              0.016783756384079047,
              -0.006748163141310215,
              0.023556905756983788
            ],