{
  "source_file": "P:\\Animation_Weapon\\Weapon_template_right_hand_preview_flip.blend",
  "saved_as": "P:\\Animation_Weapon\\Weapon_template_right_hand_preview_dummy_aligned.blend",
  "fixed_pose_bones": [
    "RightHand_Dummy",
    "RightHandIK"
  ],
  "before": {
    "rows": {
      "LeftHand": {
        "bone": "LeftHand",
        "head": [
          0.13703444600105286,
          0.5070923566818237,
          1.3940355777740479
        ],
        "tail": [
          0.21872028708457947,
          0.56010901927948,
          1.3713054656982422
        ],
        "direction": [
          0.8168583512306213,
          0.5301665663719177,
          -0.22730110585689545
        ],
        "length": 0.10000000499421718,
        "constraints": []
      },
      "RightHand": {
        "bone": "RightHand",
        "head": [
          0.23323103785514832,
          0.19960705935955048,
          1.3453255891799927
        ],
        "tail": [
          0.24187351763248444,
          0.2991963028907776,
          1.342623233795166
        ],
        "direction": [
          0.08642474561929703,
          0.9958918690681458,
          -0.027023538947105408
        ],
        "length": 0.10000006246744174,
        "constraints": []
      },
      "LeftHand_Dummy": {
        "bone": "LeftHand_Dummy",
        "head": [
          0.22217229008674622,
          0.5700511932373047,
          1.3701339960098267
        ],
        "tail": [
          0.25625282526016235,
          0.5991061329841614,
          1.3479005098342896
        ],
        "direction": [
          0.681610643863678,
          0.581098735332489,
          -0.4446696937084198
        ],
        "length": 0.050000003515742596,
        "constraints": []
      },
      "RightHand_Dummy": {
        "bone": "RightHand_Dummy",
        "head": [
          0.26268601417541504,
          -0.0013818740844726562,
          1.3327845335006714
        ],
        "tail": [
          0.26974284648895264,
          -0.10062843561172485,
          1.322764277458191
        ],
        "direction": [
          0.0705680251121521,
          -0.9924614429473877,
          -0.10020214319229126
        ],
        "length": 0.10000042152371241,
        "constraints": []
      },
      "RightHandIK": {
        "bone": "RightHandIK",
        "head": [
          -0.22969943284988403,
          -0.32995229959487915,
          1.4106478691101074
        ],
        "tail": [
          -0.2773142457008362,
          -0.33437609672546387,
          1.4252514839172363
        ],
        "direction": [
          -0.9522950649261475,
          -0.08847583085298538,
          0.2920719385147095
        ],
        "length": 0.05000006010446694,
        "constraints": []
      },
      "RightHandOrigin": {
        "bone": "RightHandOrigin",
        "head": [
          0.21406137943267822,
          0.11528190970420837,
          1.3521907329559326
        ],
        "tail": [
          0.22356785833835602,
          0.21324533224105835,
          1.3698769807815552
        ],
        "direction": [
          0.09506474435329437,
          0.9796337485313416,
          0.17686238884925842
        ],
        "length": 0.10000004304746636,
        "constraints": []
      },
      "RightForeArm": {
        "bone": "RightForeArm",
        "head": [
          0.4203301966190338,
          0.033590734004974365,
          1.2310558557510376
        ],
        "tail": [
          0.48836618661880493,
          -0.02677883952856064,
          1.1895033121109009
        ],
        "direction": [
          0.6803600192070007,
          -0.6036958694458008,
          -0.41552552580833435
        ],
        "length": 0.09999997559934556,
        "constraints": []
      },
      "RightForeArmDirection": {
        "bone": "RightForeArmDirection",
        "head": [
          0.4284398555755615,
          0.03205804526805878,
          1.2506272792816162
        ],
        "tail": [
          0.35745447874069214,
          0.09312862157821655,
          1.285719394683838
        ],
        "direction": [
          -0.7098538875579834,
          0.6107058525085449,
          0.3509212136268616
        ],
        "length": 0.09999997734557581,
        "constraints": []
      }
    },
    "metrics": {
      "right_hand_vs_left_raw_dot": 0.6047277422621846,
      "right_hand_vs_left_mirror_yz_dot": -0.46353420335799456,
      "right_dummy_vs_left_dummy_raw_dot": -0.4840613193809986,
      "right_dummy_vs_left_dummy_mirror_yz_dot": 0.5802611522376537,
      "right_dummy_vs_right_hand_dot": -0.9795775478705764,
      "right_dummy_vs_right_hand_origin_dot": -0.9832623121328652,
      "right_hand_y": 0.9958918690681458,
      "right_dummy_y": -0.9924614429473877,
      "right_hand_backwards_flag": false,
      "right_dummy_backwards_flag": true
    }
  },
  "after": {
    "rows": {
      "LeftHand": {
        "bone": "LeftHand",
        "head": [
          0.13703444600105286,
          0.5070923566818237,
          1.3940355777740479
        ],
        "tail": [
          0.21872028708457947,
          0.56010901927948,
          1.3713054656982422
        ],
        "direction": [
          0.8168583512306213,
          0.5301665663719177,
          -0.22730110585689545
        ],
        "length": 0.10000000499421718,
        "constraints": []
      },
      "RightHand": {
        "bone": "RightHand",
        "head": [
          0.23323103785514832,
          0.19960705935955048,
          1.3453255891799927
        ],
        "tail": [
          0.24187351763248444,
          0.2991963028907776,
          1.342623233795166
        ],
        "direction": [
          0.08642474561929703,
          0.9958918690681458,
          -0.027023538947105408
        ],
        "length": 0.10000006246744174,
        "constraints": []
      },
      "LeftHand_Dummy": {
        "bone": "LeftHand_Dummy",
        "head": [
          0.22217229008674622,
          0.5700511932373047,
          1.3701339960098267
        ],
        "tail": [
          0.25625282526016235,
          0.5991061329841614,
          1.3479005098342896
        ],
        "direction": [
          0.681610643863678,
          0.581098735332489,
          -0.4446696937084198
        ],
        "length": 0.050000003515742596,
        "constraints": []
      },
      "RightHand_Dummy": {
        "bone": "RightHand_Dummy",
        "head": [
          0.26268595457077026,
          -0.0013818740844726562,
          1.3327844142913818
        ],
        "tail": [
          0.2727692723274231,
          0.09781136363744736,
          1.3404728174209595
        ],
        "direction": [
          0.1008327528834343,
          0.991928219795227,
          0.0768837109208107
        ],
        "length": 0.1000004152300354,
        "constraints": []
      },
      "RightHandIK": {
        "bone": "RightHandIK",
        "head": [
          0.5904805064201355,
          0.2829350233078003,
          0.922687828540802
        ],
        "tail": [
          0.57473224401474,
          0.2819535732269287,
          0.8752427101135254
        ],
        "direction": [
          -0.31496462225914,
          -0.019628962501883507,
          -0.9489004611968994
        ],
        "length": 0.05000010270740314,
        "constraints": []
      },
      "RightHandOrigin": {
        "bone": "RightHandOrigin",
        "head": [
          0.21406137943267822,
          0.11528190970420837,
          1.3521907329559326
        ],
        "tail": [
          0.22356785833835602,
          0.21324533224105835,
          1.3698769807815552
        ],
        "direction": [
          0.09506474435329437,
          0.9796337485313416,
          0.17686238884925842
        ],
        "length": 0.10000004304746636,
        "constraints": []
      },
      "RightForeArm": {
        "bone": "RightForeArm",
        "head": [
          0.4203301966190338,
          0.033590734004974365,
          1.2310558557510376
        ],