{
  "source": "P:\\Animation_Weapon\\Weapon_template_right_hand_preview_flip.blend",
  "saved_as": "P:\\Animation_Weapon\\Weapon_template_right_hand_preview_dummy_only.blend",
  "fixed_pose_bones": [
    "RightHand_Dummy"
  ],
  "before": {
    "rows": {
      "RightHand": {
        "bone": "RightHand",
        "head": [
          0.23323103785514832,
          0.19960705935955048,
          1.3453255891799927
        ],
        "tail": [
          0.24187351763248444,
          0.2991963028907776,
          1.342623233795166
        ],
        "direction": [
          0.08642474561929703,
          0.9958918690681458,
          -0.027023538947105408
        ],
        "length": 0.10000006246744174
      },
      "RightHand_Dummy": {
        "bone": "RightHand_Dummy",
        "head": [
          0.26268601417541504,
          -0.0013818740844726562,
          1.3327845335006714
        ],
        "tail": [
          0.26974284648895264,
          -0.10062843561172485,
          1.322764277458191
        ],
        "direction": [
          0.0705680251121521,
          -0.9924614429473877,
          -0.10020214319229126
        ],
        "length": 0.10000042152371241
      },
      "RightHandIK": {
        "bone": "RightHandIK",
        "head": [
          -0.22969943284988403,
          -0.32995229959487915,
          1.4106478691101074
        ],
        "tail": [
          -0.2773142457008362,
          -0.33437609672546387,
          1.4252514839172363
        ],
        "direction": [
          -0.9522950649261475,
          -0.08847583085298538,
          0.2920719385147095
        ],
        "length": 0.05000006010446694
      },
      "RightHandOrigin": {
        "bone": "RightHandOrigin",
        "head": [
          0.21406137943267822,
          0.11528190970420837,
          1.3521907329559326
        ],
        "tail": [
          0.22356785833835602,
          0.21324533224105835,
          1.3698769807815552
        ],
        "direction": [
          0.09506474435329437,
          0.9796337485313416,
          0.17686238884925842
        ],
        "length": 0.10000004304746636
      }
    },
    "metrics": {
      "right_hand_y": 0.9958918690681458,
      "right_dummy_y": -0.9924614429473877,
      "right_dummy_vs_right_hand_dot": -0.9795775478705764,
      "right_dummy_vs_right_hand_origin_dot": -0.9832623121328652,
      "right_dummy_vs_left_dummy_dot": -0.4840613193809986,
      "right_ik_distance_to_dummy": 0.597046607794503,
      "right_ik_distance_to_hand": 0.7064026786889639,
      "right_hand_backwards_flag": false,
      "right_dummy_backwards_flag": true
    }
  },
  "after": {
    "rows": {
      "RightHand": {
        "bone": "RightHand",
        "head": [
          0.23323103785514832,
          0.19960705935955048,
          1.3453255891799927
        ],
        "tail": [
          0.24187351763248444,
          0.2991963028907776,
          1.342623233795166
        ],
        "direction": [
          0.08642474561929703,
          0.9958918690681458,
          -0.027023538947105408
        ],
        "length": 0.10000006246744174
      },
      "RightHand_Dummy": {
        "bone": "RightHand_Dummy",
        "head": [
          0.26268595457077026,
          -0.0013818740844726562,
          1.3327844142913818
        ],
        "tail": [
          0.2727692723274231,
          0.09781136363744736,
          1.3404728174209595
        ],
        "direction": [
          0.1008327528834343,
          0.991928219795227,
          0.0768837109208107
        ],
        "length": 0.1000004152300354
      },
      "RightHandIK": {
        "bone": "RightHandIK",
        "head": [
          0.5904805064201355,
          0.2829350233078003,
          0.922687828540802
        ],
        "tail": [
          0.6225477457046509,
          0.2822117507457733,
          0.8843318819999695
        ],
        "direction": [
          0.6413435339927673,
          -0.014465423300862312,
          -0.767117440700531
        ],
        "length": 0.05000009559346338
      },
      "RightHandOrigin": {
        "bone": "RightHandOrigin",
        "head": [
          0.21406137943267822,
          0.11528190970420837,
          1.3521907329559326
        ],
        "tail": [
          0.22356785833835602,
          0.21324533224105835,
          1.3698769807815552
        ],
        "direction": [
          0.09506474435329437,
          0.9796337485313416,
          0.17686238884925842
        ],
        "length": 0.10000004304746636
      }
    },
    "metrics": {
      "right_hand_y": 0.9958918690681458,
      "right_dummy_y": 0.991928219795227,
      "right_dummy_vs_right_hand_dot": 0.9944898842368275,
      "right_dummy_vs_right_hand_origin_dot": 0.9949099561199546,
      "right_dummy_vs_left_dummy_dot": 0.6109490282833576,
      "right_ik_distance_to_dummy": 0.5970465473490518,
      "right_ik_distance_to_hand": 0.5596368522926657,
      "right_hand_backwards_flag": false,
      "right_dummy_backwards_flag": false
    }
  },
  "accepted": true,
  "note": "Only RightHand_Dummy pose orientation changed; RightHandIK was not directly edited."
}