{
  "file": "P:\\Animation_Weapon\\Weapon_template_dayz_weaponik_authoring_v3.blend",
  "mesh_stats": [
    {
      "name": "1",
      "loc": [
        0.235332,
        0.314262,
        1.311971
      ],
      "bbox_min": [
        0.199813,
        -0.049857,
        1.298859
      ],
      "bbox_max": [
        0.2706,
        0.651101,
        1.474392
      ],
      "low_x_avg": [
        0.206043,
        0.42861,
        1.389881
      ],
      "high_x_avg": [
        0.247248,
        0.280297,
        1.411156
      ],
      "local_axes": {
        "x": [
          0.008614,
          -0.978817,
          0.204558
        ],
        "y": [
          0.999961,
          0.008849,
          0.000236
        ],
        "z": [
          -0.002041,
          0.204547,
          0.978855
        ]
      }
    },
    {
      "name": "1.001",
      "loc": [
        0.235332,
        0.314262,
        1.311971
      ],
      "bbox_min": [
        0.209,
        0.310925,
        1.191163
      ],
      "bbox_max": [
        0.240224,
        0.408132,
        1.399467
      ],
      "low_x_avg": [
        0.21108,
        0.368167,
        1.213133
      ],
      "high_x_avg": [
        0.238322,
        0.363401,
        1.226117
      ],
      "local_axes": {
        "x": [
          0.008614,
          -0.979144,
          0.202986
        ],
        "y": [
          0.999962,
          0.008657,
          -0.000673
        ],
        "z": [
          -0.001098,
          0.202983,
          0.979182
        ]
      }
    }
  ],
  "bones": {
    "RightShoulder": [
      0.070257,
      0.043182,
      1.339854
    ],
    "RightArm": [
      0.195922,
      -0.028127,
      1.404065
    ],
    "RightForeArm": [
      0.44102,
      -0.059537,
      1.252274
    ],
    "RightHand": [
      0.25406,
      0.115636,
      1.3522
    ],
    "LeftHand": [
      0.166796,
      0.409874,
      1.342086
    ]
  }
}