{
  "baseline_result": [
    "FINISHED"
  ],
  "changed_result": [
    "FINISHED"
  ],
  "control": "IK_LeftHandTarget.L",
  "track": "LeftHandIKTarget",
  "changed_control_keys": [
    [
      1.0,
      0.019999880343675613
    ]
  ],
  "baseline_track": {
    "0": [
      -0.8231057524681091,
      0.08712181210119763,
      0.6749294922342897
    ],
    "1": [
      -0.17577440136217748,
      -0.01818753973131859,
      0.05105101609691931
    ]
  },
  "changed_track": {
    "0": [
      -0.8231057524681091,
      0.08712181210119763,
      0.6749294922342897
    ],
    "1": [
      -0.17193416452522003,
      -0.0019351088320523901,
      0.04001033519066677
    ]
  },
  "track_delta": {
    "0": [
      0.0,
      0.0,
      0.0
    ],
    "1": [
      0.0038402368369574447,
      0.0162524308992662,
      -0.011040680906252542
    ]
  },
  "baseline_size": 3103,
  "changed_size": 3103
}